{"cameraMode":{"drawMode":0,"name":"Shaded","section":"Shading Mode"},"sceneLighting":false,"audioPlay":false,"sceneViewState":{"m_AlwaysRefresh":false,"showFog":true,"showSkybox":false,"showFlares":true,"showImageEffects":true,"showParticleSystems":true,"showVisualEffectGraphs":true,"m_FxEnabled":true},"in2DMode":false,"pivot":{"x":-39.279876708984378,"y":269.9176025390625,"z":64.26445007324219},"rotation":{"x":0.0006758196395821869,"y":-0.9990785717964172,"z":-0.020678851753473283,"w":-0.03901567682623863},"size":20.705656051635743,"orthographic":false}